{
  "scope": "C",
  "documentation": "Verion 1.03\nAdded Table View option. ",
  "version": 2,
  "restricted": false,
  "overridable": true,
  "files": [
    "thumbnail.png",
    "window.bin"
  ],
  "attributes": {
    "xml-format-version": 1,
    "lastModificationSignature": "93004098b6d98fb1937698cc134f0c4eeed709ce2d38f53c561383bfc45f29b3",
    "lastModification": {
      "actor": "maxc",
      "timestamp": "2019-12-22T13:05:26Z"
    },
    "parameter-names": "Client_ID,Data,LoadedGraphID,Loaded_Graph,endDate,hideConfig,startDate,tableDataView"
  }
}